name,size,price,item_id,image
Button Pack,,15,,https://upload-file-pdf.s3.ap-south-1.amazonaws.com/mellisa_2024-08-21/page1_img8.png
ME SUMMER/FALL 2024 TOUR TEE,S,45,,https://upload-file-pdf.s3.ap-south-1.amazonaws.com/mellisa_2024-08-21/page1_img10.png
ME SUMMER/FALL 2024 TOUR TEE,M,45,,https://upload-file-pdf.s3.ap-south-1.amazonaws.com/mellisa_2024-08-21/page1_img10.png
ME SUMMER/FALL 2024 TOUR TEE,L,45,,https://upload-file-pdf.s3.ap-south-1.amazonaws.com/mellisa_2024-08-21/page1_img10.png
ME SUMMER/FALL 2024 TOUR TEE,XL,45,,https://upload-file-pdf.s3.ap-south-1.amazonaws.com/mellisa_2024-08-21/page1_img10.png
ME SUMMER/FALL 2024 TOUR TEE,2XL,45,,https://upload-file-pdf.s3.ap-south-1.amazonaws.com/mellisa_2024-08-21/page1_img10.png
ME SUMMER/FALL 2024 TOUR TEE,3XL,45,,https://upload-file-pdf.s3.ap-south-1.amazonaws.com/mellisa_2024-08-21/page1_img10.png
ME BROKEN TOUR RAGLAN,S,50,MET24TRG001SM,https://upload-file-pdf.s3.ap-south-1.amazonaws.com/mellisa_2024-08-21/page1_img4.png
ME BROKEN TOUR RAGLAN,M,50,MET24TRG001MD,https://upload-file-pdf.s3.ap-south-1.amazonaws.com/mellisa_2024-08-21/page1_img4.png
ME BROKEN TOUR RAGLAN,L,50,MET24TRG001LG,https://upload-file-pdf.s3.ap-south-1.amazonaws.com/mellisa_2024-08-21/page1_img4.png
ME BROKEN TOUR RAGLAN,XL,50,MET24TRG001XL,https://upload-file-pdf.s3.ap-south-1.amazonaws.com/mellisa_2024-08-21/page1_img4.png
ME BROKEN TOUR RAGLAN,2XL,50,MET24TRG0012XL,https://upload-file-pdf.s3.ap-south-1.amazonaws.com/mellisa_2024-08-21/page1_img4.png
ME TIE DYE PHOTO TEE,S,45,,https://upload-file-pdf.s3.ap-south-1.amazonaws.com/mellisa_2024-08-21/page1_img3.png
ME TIE DYE PHOTO TEE,M,45,,https://upload-file-pdf.s3.ap-south-1.amazonaws.com/mellisa_2024-08-21/page1_img3.png
ME TIE DYE PHOTO TEE,L,45,,https://upload-file-pdf.s3.ap-south-1.amazonaws.com/mellisa_2024-08-21/page1_img3.png
ME TIE DYE PHOTO TEE,XL,45,,https://upload-file-pdf.s3.ap-south-1.amazonaws.com/mellisa_2024-08-21/page1_img3.png
ME TIE DYE PHOTO TEE,2XL,45,,https://upload-file-pdf.s3.ap-south-1.amazonaws.com/mellisa_2024-08-21/page1_img3.png
ME I'm Not Broken Live from Topeka Correctional Facility LP,,30,,https://upload-file-pdf.s3.ap-south-1.amazonaws.com/mellisa_2024-08-21/page1_img1.png
ME I'm Not Broken Live from Topeka Correctional Facility CD,,15,,https://upload-file-pdf.s3.ap-south-1.amazonaws.com/mellisa_2024-08-21/page1_img2.png
"ME I""M NOT BROKEN PHOTO TEE",S,45,MET24TTS003SM,https://upload-file-pdf.s3.ap-south-1.amazonaws.com/mellisa_2024-08-21/page1_img9.png
"ME I""M NOT BROKEN PHOTO TEE",M,45,MET24TTS003MD,https://upload-file-pdf.s3.ap-south-1.amazonaws.com/mellisa_2024-08-21/page1_img9.png
"ME I""M NOT BROKEN PHOTO TEE",L,45,MET24TTS003LG,https://upload-file-pdf.s3.ap-south-1.amazonaws.com/mellisa_2024-08-21/page1_img9.png
"ME I""M NOT BROKEN PHOTO TEE",XL,45,MET24TTS003XL,https://upload-file-pdf.s3.ap-south-1.amazonaws.com/mellisa_2024-08-21/page1_img9.png
"ME I""M NOT BROKEN PHOTO TEE",2XL,45,MET24TTS0032X,https://upload-file-pdf.s3.ap-south-1.amazonaws.com/mellisa_2024-08-21/page1_img9.png
ME I'M NOT BROKEN TANK,S,40,MET24TTK001SM,https://upload-file-pdf.s3.ap-south-1.amazonaws.com/mellisa_2024-08-21/page1_img7.png
ME I'M NOT BROKEN TANK,M,40,MET24TTK001MD,https://upload-file-pdf.s3.ap-south-1.amazonaws.com/mellisa_2024-08-21/page1_img7.png
ME I'M NOT BROKEN TANK,L,40,MET24TTK001LG,https://upload-file-pdf.s3.ap-south-1.amazonaws.com/mellisa_2024-08-21/page1_img7.png
ME I'M NOT BROKEN TANK,XL,40,MET24TTK001XL,https://upload-file-pdf.s3.ap-south-1.amazonaws.com/mellisa_2024-08-21/page1_img7.png
ME I'M NOT BROKEN TANK,2XL,40,MET24TTK0012X,https://upload-file-pdf.s3.ap-south-1.amazonaws.com/mellisa_2024-08-21/page1_img7.png
ME I'M NOT BROKEN TRUCKER,One-Size,35,,https://upload-file-pdf.s3.ap-south-1.amazonaws.com/mellisa_2024-08-21/page1_img5.png
ME Photo Tote,,25,,https://upload-file-pdf.s3.ap-south-1.amazonaws.com/mellisa_2024-08-21/page1_img6.png
ME Tour 2024 Bandana,,20,MET24TAC007S,https://upload-file-pdf.s3.ap-south-1.amazonaws.com/mellisa_2024-08-21/page2_img1.png
ME Guitar Koozie,,5,MET24TAC009,https://upload-file-pdf.s3.ap-south-1.amazonaws.com/mellisa_2024-08-21/page2_img2.png
ME I'M NOT BROKEN BLACK HOODIE,S,75,,https://upload-file-pdf.s3.ap-south-1.amazonaws.com/mellisa_2024-08-21/page1_img4.png
ME I'M NOT BROKEN BLACK HOODIE,M,75,,https://upload-file-pdf.s3.ap-south-1.amazonaws.com/mellisa_2024-08-21/page1_img4.png
ME I'M NOT BROKEN BLACK HOODIE,L,75,,https://upload-file-pdf.s3.ap-south-1.amazonaws.com/mellisa_2024-08-21/page1_img4.png
ME I'M NOT BROKEN BLACK HOODIE,XL,75,,https://upload-file-pdf.s3.ap-south-1.amazonaws.com/mellisa_2024-08-21/page1_img4.png
ME I'M NOT BROKEN BLACK HOODIE,2XL,75,,https://upload-file-pdf.s3.ap-south-1.amazonaws.com/mellisa_2024-08-21/page1_img4.png
ME I'M NOT BROKEN BLACK HOODIE,3XL,75,,https://upload-file-pdf.s3.ap-south-1.amazonaws.com/mellisa_2024-08-21/page1_img4.png
